Model,P1,P2,P3,P4,Topsis Score,Rank
M1,250,16,12,5,0.5710838589633452,1
M2,200,16,8,3,0.3387959061287283,4
M3,300,32,16,4,0.5347431084370294,2
M4,275,24,12,4,0.5181103539781172,3
